"gene_id","variance"
"MSTRG.24356",33.213099071784
"MSTRG.24357",10.5127193724815
"MSTRG.39523",9.56430377170443
"MSTRG.2050",8.72112746469977
"MSTRG.41674",8.4913765402504
"MSTRG.6971",8.34789750817788
"MSTRG.7320",8.06540866314624
"MSTRG.13336",7.42227585690034
"MSTRG.11852",7.28672402086855
"MSTRG.6972",7.18659157902603
"MSTRG.13724",6.79653289718584
"MSTRG.17721",6.64481481709553
"MSTRG.33082",6.54907397721271
"MSTRG.31385",6.54864515822651
"MSTRG.4753",6.52392974301301
"MSTRG.5907",6.05045287896186
"MSTRG.8890",6.01449390320567
"MSTRG.23341",5.86075235866711
"MSTRG.26118",5.79964084235814
"MSTRG.19997",5.48312189244548
"MSTRG.22152",5.4794595191632
"MSTRG.14178",5.47292244883817
"MSTRG.41673",5.44289669544968
"MSTRG.17348",5.41060148450727
"MSTRG.21895",5.20152151245362
"MSTRG.24864",5.03607926439138
"MSTRG.14013",5.00299266121033
"MSTRG.11840",4.97437963404312
"MSTRG.20245",4.95222221804062
"MSTRG.11851",4.94865099780784
"MSTRG.3181",4.90887811515635
"MSTRG.22919",4.87850140229351
"MSTRG.32631",4.87576835709271
"MSTRG.14882",4.84893300256962
"MSTRG.10841",4.84143098830848
"MSTRG.29511",4.76438417399228
"MSTRG.29132",4.75558168498907
"MSTRG.8313",4.74819028068265
"MSTRG.11691",4.62518404547371
"MSTRG.5906",4.60719113047035
"MSTRG.10976",4.54412666648139
"MSTRG.12317",4.5411126037916
"MSTRG.41289",4.53835877696531
"MSTRG.10178",4.53355190450903
"MSTRG.37591",4.4478861907434
"MSTRG.7869",4.44041883502472
"MSTRG.16107",4.43236480492666
"MSTRG.27515",4.40430034803003
"MSTRG.26944",4.28670675258441
"MSTRG.13021",4.28505983267152
"MSTRG.35480",4.24582349070674
"MSTRG.28591",4.21696263543949
"MSTRG.11579",4.21554496715996
"MSTRG.8889",4.19784275581176
"MSTRG.12318",4.16702337304408
"MSTRG.31404",4.16584838181867
"MSTRG.27414",4.14843085510419
"MSTRG.4905",4.14587097491177
"MSTRG.5664",4.14363515423811
"MSTRG.1404",4.13241819389537
"MSTRG.19808",4.12547555830853
"MSTRG.25873",4.1210000319572
"MSTRG.23190",4.04523501390059
"MSTRG.9348",4.03528483032659
"MSTRG.7318",3.97772388529833
"MSTRG.24652",3.94970790009072
"MSTRG.4834",3.94755776726583
"MSTRG.22537",3.92509714745218
"MSTRG.31397",3.91983227328448
"MSTRG.19860",3.91782639561854
"MSTRG.6204",3.91453153026003
"MSTRG.5809",3.87553361630404
"MSTRG.19204",3.86907134955897
"MSTRG.19897",3.86120177505863
"MSTRG.9085",3.85991612129748
"MSTRG.32533",3.8470643625146
"MSTRG.9819",3.83495850442739
"MSTRG.30659",3.8269571782916
"MSTRG.7693",3.79218737987972
"MSTRG.20049",3.77728269687145
"MSTRG.21127",3.76444416832841
"MSTRG.14011",3.75781515772894
"MSTRG.7692",3.74294875932504
"MSTRG.21611",3.72517433049213
"MSTRG.464",3.71650366545611
"MSTRG.5065",3.71352783207363
"MSTRG.18288",3.7107392011547
"MSTRG.15897",3.69510596967086
"MSTRG.22909",3.69015106345045
"MSTRG.20098",3.66838207064867
"MSTRG.32253",3.64717453389447
"MSTRG.7321",3.64679361538226
"MSTRG.12071",3.64435487082039
"MSTRG.31401",3.63294766546974
"MSTRG.32650",3.62818954310735
"MSTRG.14207",3.61294828880142
"MSTRG.20127",3.60766221112961
"MSTRG.24059",3.59766107263011
"MSTRG.22860",3.58979470170825
"MSTRG.3842",3.5751919710946
"MSTRG.40256",3.57108551416736
"MSTRG.25868",3.56593250780488
"MSTRG.37312",3.55304418485782
"MSTRG.38973",3.54146130974778
"MSTRG.15459",3.53007511740964
"MSTRG.16417",3.52076330933169
"MSTRG.13501",3.49355373439343
"MSTRG.15619",3.48385012251502
"MSTRG.40632",3.4775926519192
"MSTRG.31388",3.45831590958717
"MSTRG.38451",3.4519890194841
"MSTRG.5712",3.44654346627129
"MSTRG.1956",3.44283682459715
"MSTRG.6503",3.43956293687595
"MSTRG.1957",3.42588637972568
"MSTRG.5717",3.42286856098952
"MSTRG.16411",3.42086810809215
"MSTRG.18631",3.40379218560362
"MSTRG.4485",3.38877961278604
"MSTRG.10603",3.34767425622658
"MSTRG.12650",3.33753132025791
"MSTRG.18899",3.32848223395465
"MSTRG.22475",3.31918522698095
"MSTRG.25874",3.31561084423791
"MSTRG.21253",3.31209370549223
"MSTRG.25699",3.27427033151796
"MSTRG.23130",3.27064217391717
"MSTRG.38023",3.26380058702602
"MSTRG.23879",3.24212158436603
"MSTRG.23875",3.23854741450459
"MSTRG.133",3.23659218560826
"MSTRG.23441",3.23228801647194
"MSTRG.28263",3.2072242168363
"MSTRG.37759",3.20371405297444
"MSTRG.10975",3.20013396276726
"MSTRG.16106",3.1950522564977
"MSTRG.12175",3.19163485382959
"MSTRG.5616",3.18938416076764
"MSTRG.21897",3.18669833838472
"MSTRG.38481",3.18136859287665
"MSTRG.19811",3.17322750012008
"MSTRG.18897",3.15630474098191
"MSTRG.2030",3.15064144292102
"MSTRG.6019",3.14829565376499
"MSTRG.33942",3.14325542481012
"MSTRG.7416",3.12425801943441
"MSTRG.39644",3.12045955110113
"MSTRG.7336",3.10964288440966
"MSTRG.4120",3.10595884319509
"MSTRG.24100",3.1026608888296
"MSTRG.4119",3.08388647933534
"MSTRG.2566",3.08330717506617
"MSTRG.3956",3.07989749963395
"MSTRG.37026",3.07488709181048
"MSTRG.3098",3.06914075043869
"MSTRG.37539",3.06800558492466
"MSTRG.5364",3.0680053619362
"MSTRG.4068",3.06513151487331
"MSTRG.31165",3.05577269931752
"MSTRG.24653",3.02019719812431
"MSTRG.6020",3.0184373632948
"MSTRG.8591",3.00329027775789
"MSTRG.28613",3.00306636131853
"MSTRG.16410",2.99131225446547
"MSTRG.38898",2.97413914980746
"MSTRG.29323",2.9732716020654
"MSTRG.5715",2.96294990847277
"MSTRG.2136",2.9597212132818
"MSTRG.41066",2.95638038107622
"MSTRG.33867",2.95565140493748
"MSTRG.2349",2.95098137667989
"MSTRG.15215",2.95001672233585
"MSTRG.13277",2.91055544181859
"MSTRG.6718",2.90391171078432
"MSTRG.35907",2.90054274025984
"MSTRG.18622",2.89291621230661
"MSTRG.26463",2.87893174939554
"MSTRG.30057",2.87383741628051
"MSTRG.39514",2.86608108349774
"MSTRG.7337",2.85675840008107
"MSTRG.28278",2.84672801032047
"MSTRG.13019",2.84457047903484
"MSTRG.11212",2.84107331154743
"MSTRG.29184",2.83469386053641
"MSTRG.40075",2.83008390117444
"MSTRG.13018",2.82996835601275
"MSTRG.1076",2.82041546552344
"MSTRG.5561",2.81909013182647
"MSTRG.21103",2.80756517904045
"MSTRG.34561",2.80060695470409
"MSTRG.14879",2.79885458141324
"MSTRG.23885",2.79780770669882
"MSTRG.14409",2.79579616175502
"MSTRG.41286",2.79285320070808
"MSTRG.11384",2.78498974765299
"MSTRG.41855",2.77443242917193
"MSTRG.14578",2.77154838150756
"MSTRG.3841",2.75090034313558
"MSTRG.4736",2.73056881017307
"MSTRG.7676",2.72586375344421
"MSTRG.11169",2.72256051131131
"MSTRG.8005",2.7148615683942
"MSTRG.27979",2.70759757959139
"MSTRG.22297",2.70043285959977
"MSTRG.19766",2.69166378365721
"MSTRG.7019",2.68565108722302
"MSTRG.36923",2.68292246447035
"MSTRG.13002",2.6737612319407
"MSTRG.10463",2.67053045972757
"MSTRG.24367",2.66985423827775
"MSTRG.5362",2.66783074299239
"MSTRG.5665",2.66309034022715
"MSTRG.37035",2.65954546556067
"MSTRG.20653",2.65737326737836
"MSTRG.13036",2.65363715347985
"MSTRG.5544",2.6442960100705
"MSTRG.30305",2.64398464078324
"MSTRG.35134",2.64257515734944
"MSTRG.32017",2.64102119361576
"MSTRG.18946",2.63666786215673
"MSTRG.5159",2.63077674219156
"MSTRG.41472",2.62435630165647
"MSTRG.3949",2.62350672511762
"MSTRG.25051",2.62096823754051
"MSTRG.28696",2.62072146287433
"MSTRG.827",2.61712245593715
"MSTRG.35373",2.61095046665126
"MSTRG.3482",2.598055018117
"MSTRG.33247",2.5901381098369
"MSTRG.26336",2.58914889031835
"MSTRG.2505",2.58735832987822
"MSTRG.2144",2.5843064731604
"MSTRG.19723",2.57972433208017
"MSTRG.26117",2.57188940041452
"MSTRG.11446",2.56755903800461
"MSTRG.31403",2.56325046966175
"MSTRG.10243",2.55890408681973
"MSTRG.8010",2.54515322187599
"MSTRG.26447",2.5429768282903
"MSTRG.14852",2.54164855736706
"MSTRG.6199",2.54137857023111
"MSTRG.36259",2.53926427140566
"MSTRG.22828",2.5235535678005
"MSTRG.39856",2.51752123628104
"MSTRG.6929",2.50996595573789
"MSTRG.27317",2.50511705105621
"MSTRG.8737",2.50220040679676
"MSTRG.21898",2.48924695657064
"MSTRG.26215",2.48885387907137
"MSTRG.1463",2.48259491874267
"MSTRG.41314",2.4734986872107
"MSTRG.15585",2.46645766865816
"MSTRG.5560",2.46493656638733
"MSTRG.3957",2.46275269664844
"MSTRG.11477",2.45789820961787
"MSTRG.6017",2.44239452295574
"MSTRG.18796",2.42555994580124
"MSTRG.7080",2.41520382770829
"MSTRG.16227",2.41131962454404
"MSTRG.38453",2.40789222970061
"MSTRG.3454",2.40675452926636
"MSTRG.26340",2.40392514644075
"MSTRG.22908",2.39920575646322
"MSTRG.3676",2.39198643906556
"MSTRG.16311",2.39185847191621
"MSTRG.22078",2.38855540031541
"MSTRG.40824",2.38348002533066
"MSTRG.35142",2.38027053041642
"MSTRG.23540",2.37448304946579
"MSTRG.32963",2.37377342457127
"MSTRG.463",2.37321247475808
"MSTRG.20649",2.37306537153112
"MSTRG.12072",2.37295369650433
"MSTRG.24479",2.36665886052472
"MSTRG.26238",2.36100459755248
"MSTRG.29611",2.35720829642272
"MSTRG.312",2.34796598077532
"MSTRG.1091",2.34787215759387
"MSTRG.31332",2.34718355073671
"MSTRG.40925",2.34669653944115
"MSTRG.14177",2.34012185125328
"MSTRG.26337",2.33967715878666
"MSTRG.30611",2.33322046980159
"MSTRG.6197",2.32715989677404
"MSTRG.51",2.32506396790119
"MSTRG.23133",2.31913663175504
"MSTRG.3124",2.31674147805987
"MSTRG.39231",2.31244085111507
"MSTRG.106",2.31154400088388
"MSTRG.10294",2.30315971058965
"MSTRG.23148",2.30310754740997
"MSTRG.24044",2.3011228250855
"MSTRG.22151",2.29733625982321
"MSTRG.12534",2.29721091692746
"MSTRG.37665",2.29545158960852
"MSTRG.12192",2.29543337722252
"MSTRG.4921",2.28963678018296
"MSTRG.29186",2.2864044966862
"MSTRG.16403",2.28260381888943
"MSTRG.24944",2.28196360409517
"MSTRG.5718",2.2815812482494
"MSTRG.13742",2.27597164728127
"MSTRG.32968",2.27477651258438
"MSTRG.13020",2.27027315899294
"MSTRG.7697",2.26692534379588
"MSTRG.9803",2.26561301218171
"MSTRG.11536",2.26383056768142
"MSTRG.10843",2.26114970541516
"MSTRG.7809",2.25974682893743
"MSTRG.32530",2.2567070847713
"MSTRG.9192",2.2534879725568
"MSTRG.7114",2.2430787682445
"MSTRG.18686",2.23767936533396
"MSTRG.3097",2.23692081157993
"MSTRG.8013",2.23682429277359
"MSTRG.25527",2.22559262458336
"MSTRG.21837",2.22383966665861
"MSTRG.13112",2.22370025747193
"MSTRG.19996",2.22346331711464
"MSTRG.8310",2.22266878959531
"MSTRG.11421",2.2193346859132
"MSTRG.11839",2.21716714528933
"MSTRG.9340",2.21643412058443
"MSTRG.10974",2.21518791444493
"MSTRG.21494",2.21475751089934
"MSTRG.38452",2.21439671752782
"MSTRG.35441",2.21312531887004
"MSTRG.22077",2.21171273350202
"MSTRG.27555",2.21020405726476
"MSTRG.35793",2.20414326155789
"MSTRG.30726",2.20380445500198
"MSTRG.10386",2.20095327074294
"MSTRG.22918",2.19643674157573
"MSTRG.14144",2.18269211822338
"MSTRG.8750",2.18228925021201
"MSTRG.16418",2.17325753175402
"MSTRG.21698",2.1732571257923
"MSTRG.26396",2.17139692882989
"MSTRG.7991",2.17059137743212
"MSTRG.13113",2.16906438278707
"MSTRG.37560",2.16794925764197
"MSTRG.18589",2.16717493045373
"MSTRG.7317",2.16349949002331
"MSTRG.25262",2.16290243139668
"MSTRG.26600",2.1626182765797
"MSTRG.6151",2.15456624416715
"MSTRG.9723",2.15359767330128
"MSTRG.30016",2.14357196152301
"MSTRG.22867",2.14260891483547
"MSTRG.3578",2.14099226927497
"MSTRG.26854",2.13576363251128
"MSTRG.27229",2.13348919444133
"MSTRG.32564",2.13183864630148
"MSTRG.18472",2.13155895054985
"MSTRG.2141",2.13131058854666
"MSTRG.39976",2.12974566233922
"MSTRG.13278",2.12729971346994
"MSTRG.23912",2.12637839319011
"MSTRG.6195",2.12615671162794
"MSTRG.21327",2.12092451049456
"MSTRG.15168",2.11236856434592
"MSTRG.16535",2.11226057053505
"MSTRG.20236",2.10928876530872
"MSTRG.30058",2.10723130216291
"MSTRG.9349",2.1031280023844
"MSTRG.23804",2.10017125754616
"MSTRG.25757",2.09209521348093
"MSTRG.26172",2.08913370152234
"MSTRG.35998",2.08819474540117
"MSTRG.19662",2.08683722941841
"MSTRG.4741",2.0854290710602
"MSTRG.16",2.08469468711066
"MSTRG.11121",2.0793612272509
"MSTRG.9121",2.07825767119319
"MSTRG.7479",2.07421932618209
"MSTRG.22429",2.07413761002458
"MSTRG.10200",2.07170661107103
"MSTRG.4979",2.06980485788675
"MSTRG.11422",2.06120870802872
"MSTRG.11649",2.06013360608998
"MSTRG.22933",2.05964731152609
"MSTRG.12316",2.05960834195777
"MSTRG.5062",2.0562501621946
"MSTRG.9460",2.05559707556491
"MSTRG.8014",2.05254085703012
"MSTRG.33083",2.05182808902061
"MSTRG.11342",2.05176734369567
"MSTRG.25486",2.04581637308567
"MSTRG.27174",2.04440094534402
"MSTRG.32632",2.04179535020625
"MSTRG.10973",2.04035123535285
"MSTRG.4496",2.03462006862019
"MSTRG.18602",2.03392387861483
"MSTRG.10244",2.03364825056268
"MSTRG.26493",2.03279168576472
"MSTRG.13880",2.03253739817676
"MSTRG.423",2.03242528387946
"MSTRG.18719",2.03084662651476
"MSTRG.4735",2.02875055169446
"MSTRG.10053",2.02129237589802
"MSTRG.20176",2.02030665340494
"MSTRG.33622",2.02022429056939
"MSTRG.28205",2.01337092015017
"MSTRG.26325",2.01320147235509
"MSTRG.31434",2.01168411388869
"MSTRG.31386",2.00962091267595
"MSTRG.30925",2.00883836838859
"MSTRG.9206",2.00735412594347
"MSTRG.980",2.0065958337798
"MSTRG.27897",2.00605918649343
"MSTRG.23874",2.00566738744304
"MSTRG.6194",1.99954016551266
"MSTRG.32060",1.99562312249494
"MSTRG.35149",1.99551803972887
"MSTRG.3955",1.99515363048162
"MSTRG.19663",1.9921936071779
"MSTRG.35389",1.98609372687575
"MSTRG.6825",1.98589384926133
"MSTRG.6196",1.98492092774597
"MSTRG.34705",1.98008924919006
"MSTRG.17654",1.97837922990597
"MSTRG.9436",1.97607695897341
"MSTRG.22595",1.97395817161436
"MSTRG.30222",1.97388915590336
"MSTRG.2124",1.97384385225215
"MSTRG.25264",1.97269737152737
"MSTRG.40268",1.95672826383719
"MSTRG.8311",1.95499344420633
"MSTRG.32739",1.95450700649768
"MSTRG.12193",1.95332457882678
"MSTRG.2713",1.95175019830641
"MSTRG.39948",1.95051866586306
"MSTRG.18945",1.94692274908499
"MSTRG.26086",1.94159697229756
"MSTRG.9073",1.94043409250648
"MSTRG.21150",1.94010574463365
"MSTRG.21699",1.93611067418681
"MSTRG.5559",1.9320925799298
"MSTRG.2663",1.9299635088216
"MSTRG.26070",1.926288563274
"MSTRG.23670",1.92611146006871
"MSTRG.21126",1.92402113283308
"MSTRG.33943",1.92200715632066
"MSTRG.11120",1.92001454188305
"MSTRG.31511",1.91566386250774
"MSTRG.294",1.91313800831053
"MSTRG.1804",1.91236648479129
"MSTRG.10926",1.91019682758696
"MSTRG.35256",1.90744868728847
"MSTRG.25851",1.90500776455239
"MSTRG.38624",1.90321113742105
"MSTRG.8307",1.90190222409246
"MSTRG.40834",1.90073839197693
"MSTRG.16416",1.89814759546419
"MSTRG.35613",1.89693238979823
"MSTRG.23028",1.89420638341158
"MSTRG.29652",1.88925466710523
"MSTRG.15896",1.88860853690142
"MSTRG.19294",1.88815299089687
"MSTRG.41590",1.8874218140629
"MSTRG.18819",1.88684006325328
"MSTRG.17017",1.88574434696969
"MSTRG.30612",1.8792710041644
"MSTRG.12066",1.87898116338184
"MSTRG.16402",1.87675853790919
"MSTRG.19454",1.87603065570189
"MSTRG.33657",1.87541501669433
"MSTRG.19701",1.87312284762574
"MSTRG.26332",1.86773188931078
"MSTRG.27228",1.86710050817651
"MSTRG.18107",1.86702039427348
"MSTRG.38087",1.86570807443392
"MSTRG.34022",1.86524193719517
"MSTRG.16937",1.86314328537085
"MSTRG.7358",1.86102949688929
"MSTRG.29492",1.85906849877534
"MSTRG.35073",1.8571122927557
"MSTRG.8546",1.85684616297815
"MSTRG.27013",1.85593546832291
"MSTRG.11648",1.85560438489039
"MSTRG.23120",1.85504745466062
"MSTRG.14531",1.85416739818288
"MSTRG.40104",1.85376643850191
"MSTRG.20652",1.85180604018792
"MSTRG.26201",1.84996004919108
"MSTRG.15534",1.84893670767632
"MSTRG.13423",1.84072922096422
"MSTRG.24764",1.84067400725989
"MSTRG.15378",1.83162484731969
"MSTRG.12351",1.82771680531375
"MSTRG.19280",1.82727862354963
"MSTRG.27769",1.82350018291979
"MSTRG.30013",1.82324362861007
"MSTRG.24719",1.8179748935799
"MSTRG.37592",1.81756467260486
"MSTRG.37950",1.81743165797627
"MSTRG.7431",1.8150448293763
"MSTRG.23342",1.81314521554043
"MSTRG.13436",1.81069985022761
"MSTRG.33986",1.80815757992205
"MSTRG.26809",1.80723127552853
"MSTRG.30615",1.80640055095951
"MSTRG.32791",1.80179928698214
"MSTRG.13192",1.80001893757056
"MSTRG.10054",1.79969334455986
"MSTRG.16405",1.79963639638455
"MSTRG.16945",1.79902991889493
"MSTRG.22936",1.79886124080189
"MSTRG.11333",1.79729259360944
"MSTRG.28737",1.79659943382964
"MSTRG.4904",1.7954255915285
"MSTRG.23440",1.79356467881225
"MSTRG.23201",1.79345865491027
"MSTRG.5589",1.79187574060207
"MSTRG.20097",1.79106081820347
"MSTRG.7979",1.79010440040549
"MSTRG.2907",1.78767944580959
"MSTRG.35711",1.78073107583458
"MSTRG.20798",1.78069299177305
"MSTRG.40944",1.77931332358514
"MSTRG.31387",1.77577150907146
"MSTRG.5106",1.77537553531847
"MSTRG.29148",1.77159491638874
"MSTRG.362",1.77062773877641
"MSTRG.36550",1.76845096369501
"MSTRG.5776",1.76837180982352
"MSTRG.21415",1.76691007969925
"MSTRG.3844",1.765300715929
"MSTRG.33446",1.76136223087908
"MSTRG.33832",1.76102478104296
"MSTRG.35491",1.75821370353011
"MSTRG.4129",1.7581283565668
"MSTRG.16404",1.75746913539165
"MSTRG.23704",1.75730950958842
"MSTRG.18717",1.75598750759539
"MSTRG.15166",1.75340785617356
"MSTRG.13368",1.75318396277109
"MSTRG.18374",1.74897323817061
"MSTRG.27483",1.74604296404618
"MSTRG.574",1.74203692485341
"MSTRG.2151",1.74194058914458
"MSTRG.6350",1.73823949776737
"MSTRG.93",1.73710273632476
"MSTRG.40911",1.73610750569599
"MSTRG.8964",1.73295375920357
"MSTRG.16406",1.73261394562632
"MSTRG.23132",1.73165298408118
"MSTRG.27975",1.73091349293691
"MSTRG.23538",1.72846440209275
"MSTRG.6205",1.72646863230506
"MSTRG.28647",1.72644560866527
"MSTRG.17505",1.72425444502158
"MSTRG.20246",1.72245207812231
"MSTRG.1405",1.72214344466785
"MSTRG.19121",1.71997092963406
"MSTRG.9339",1.7191503341542
"MSTRG.15584",1.71544183478798
"MSTRG.9747",1.71536600455057
"MSTRG.17887",1.71411602986615
"MSTRG.9769",1.71283008141692
"MSTRG.6457",1.70810685914568
"MSTRG.2859",1.70681119794497
"MSTRG.40851",1.70439422808257
"MSTRG.30389",1.70230612010623
"MSTRG.3636",1.69730160022037
"MSTRG.20817",1.69676199502381
"MSTRG.8302",1.69649992092101
"MSTRG.27623",1.6957623507443
"MSTRG.21991",1.69210287148059
"MSTRG.29760",1.69169909956938
"MSTRG.10519",1.69067961383667
"MSTRG.23508",1.69022367640013
"MSTRG.28569",1.68629897968407
"MSTRG.39241",1.68248702036492
"MSTRG.30554",1.67855401182885
"MSTRG.3180",1.67846389142824
"MSTRG.14462",1.67698053107932
"MSTRG.2051",1.67697807152861
"MSTRG.5832",1.67685103089395
"MSTRG.11841",1.67669363300414
"MSTRG.34599",1.6684615204917
"MSTRG.23931",1.66731545813987
"MSTRG.802",1.66646501603605
"MSTRG.17714",1.66635008414532
"MSTRG.6666",1.6643690239387
"MSTRG.781",1.6633417635306
"MSTRG.34095",1.66146187862122
"MSTRG.27699",1.66067180956746
"MSTRG.27544",1.65995594092035
"MSTRG.15155",1.65961435028137
"MSTRG.6736",1.65851713046859
"MSTRG.23481",1.65710422137788
"MSTRG.7326",1.65684457659515
"MSTRG.21604",1.64785596907574
"MSTRG.21121",1.64559238676931
"MSTRG.11837",1.64400216905167
"MSTRG.19702",1.6392999598076
"MSTRG.20223",1.63924201888678
"MSTRG.25700",1.63894503916862
"MSTRG.22913",1.63868884213506
"MSTRG.38462",1.6367369064058
"MSTRG.2938",1.63569021235003
"MSTRG.42173",1.63429022695555
"MSTRG.17231",1.63420581379146
"MSTRG.3702",1.6338897307546
"MSTRG.20157",1.63197098649333
"MSTRG.17110",1.6295904201099
"MSTRG.33390",1.61933559160936
"MSTRG.22176",1.61740062855628
"MSTRG.18102",1.61691658556802
"MSTRG.6171",1.61569525341868
"MSTRG.40169",1.61319998703279
"MSTRG.20858",1.61297216128971
"MSTRG.19699",1.6120903763743
"MSTRG.4801",1.60843909819627
"MSTRG.486",1.6083510304739
"MSTRG.18227",1.60799588647121
"MSTRG.36981",1.60736677567894
"MSTRG.5523",1.60723508928023
"MSTRG.40312",1.60701189795784
"MSTRG.39544",1.60686662226299
"MSTRG.15347",1.60643930316744
"MSTRG.14461",1.6052058459994
"MSTRG.19133",1.60178928325086
"MSTRG.6153",1.60082248709921
"MSTRG.28918",1.60061195714173
"MSTRG.11341",1.59764345172464
"MSTRG.25503",1.5949206738527
"MSTRG.29794",1.5947670535163
"MSTRG.9500",1.59402851680475
"MSTRG.3597",1.59153123836192
"MSTRG.13701",1.58955602486612
"MSTRG.10520",1.58797556351452
"MSTRG.25129",1.58563112881783
"MSTRG.36631",1.58541927388318
"MSTRG.40552",1.58539024603345
"MSTRG.4900",1.58402333818006
"MSTRG.10293",1.5839664516167
"MSTRG.31114",1.58313400482411
"MSTRG.16226",1.58248439672387
"MSTRG.27980",1.57328329706312
"MSTRG.18828",1.57010226456818
"MSTRG.32116",1.56788511043663
"MSTRG.28034",1.56528023317499
"MSTRG.37132",1.56156565492131
"MSTRG.21687",1.55868109668878
"MSTRG.20616",1.55847385751982
"MSTRG.41953",1.55798651879979
"MSTRG.1107",1.55700744150078
"MSTRG.21612",1.55687107752098
"MSTRG.1448",1.55480134526545
"MSTRG.30298",1.55471784487439
"MSTRG.30867",1.5540908449043
"MSTRG.32024",1.55194996962441
"MSTRG.15570",1.55150376397801
"MSTRG.5003",1.55142159350663
"MSTRG.15785",1.5504543956805
"MSTRG.15348",1.54854437121054
"MSTRG.11424",1.54824336622466
"MSTRG.22610",1.54764032237578
"MSTRG.31134",1.54717448616252
"MSTRG.9808",1.54702363122322
"MSTRG.32101",1.54422806532015
"MSTRG.18503",1.54404574269662
"MSTRG.20282",1.54380756470535
"MSTRG.5714",1.5430890208639
"MSTRG.21715",1.54201287706915
"MSTRG.23038",1.54115291653424
"MSTRG.20128",1.54081069692552
"MSTRG.17227",1.5389545926913
"MSTRG.36515",1.5375490775489
"MSTRG.6170",1.5332998505563
"MSTRG.18497",1.53057295252846
"MSTRG.17349",1.52938529799952
"MSTRG.28879",1.5264022531268
"MSTRG.8572",1.5263173220871
"MSTRG.27802",1.52619476557772
"MSTRG.25335",1.5259370318004
"MSTRG.40696",1.52562383982313
"MSTRG.1251",1.52240925907336
"MSTRG.6292",1.52099648655025
"MSTRG.38103",1.5202584423924
"MSTRG.32776",1.5197245903111
"MSTRG.18329",1.51940795875841
"MSTRG.21248",1.5193326709134
"MSTRG.17720",1.51696354668359
"MSTRG.31382",1.51287823939167
"MSTRG.1321",1.50583722698631
"MSTRG.12449",1.504815092092
"MSTRG.33636",1.50073128037348
"MSTRG.28204",1.5000178700441
"MSTRG.32381",1.49993445070635
"MSTRG.8462",1.49913929778593
"MSTRG.22684",1.49742980712744
"MSTRG.18923",1.49151570405554
"MSTRG.4772",1.49113828515221
"MSTRG.9191",1.49004711582609
"MSTRG.25858",1.48923100008319
"MSTRG.20759",1.48887141382464
"MSTRG.20357",1.48586982417179
"MSTRG.19812",1.48577700403216
"MSTRG.25050",1.48544822868745
"MSTRG.28068",1.48450944639192
"MSTRG.8029",1.48370428125609
"MSTRG.37394",1.48061150522782
"MSTRG.25860",1.47750208197139
"MSTRG.15180",1.47664451794995
"MSTRG.32557",1.47493760915614
"MSTRG.6152",1.47492224887545
"MSTRG.3064",1.47471713306362
"MSTRG.20976",1.47350562522946
"MSTRG.12555",1.47220769240565
"MSTRG.15689",1.47166142201745
"MSTRG.34866",1.47119772132489
"MSTRG.861",1.46845596894921
"MSTRG.16401",1.46806667138133
"MSTRG.19992",1.46619334651027
"MSTRG.19591",1.46432563896089
"MSTRG.22932",1.46384675189618
"MSTRG.37125",1.46062247882514
"MSTRG.1482",1.45887675981215
"MSTRG.2339",1.4586139320508
"MSTRG.1220",1.45812496656172
"MSTRG.28537",1.4578955129245
"MSTRG.22104",1.45713237722183
"MSTRG.17655",1.45309266763925
"MSTRG.3993",1.4527814764665
"MSTRG.13843",1.4526574304448
"MSTRG.2877",1.44888058593972
"MSTRG.12427",1.4485791212176
"MSTRG.31041",1.44475209858691
"MSTRG.38110",1.44334270578619
"MSTRG.18936",1.44182011287023
"MSTRG.31293",1.44117982147665
"MSTRG.27976",1.44057519561528
"MSTRG.22861",1.4404246928198
"MSTRG.21936",1.43879680895953
"MSTRG.30917",1.43533997789202
"MSTRG.23198",1.43528126376653
"MSTRG.25616",1.4349749942989
"MSTRG.5023",1.43487979700429
"MSTRG.18630",1.43417217241552
"MSTRG.12838",1.43380930834845
"MSTRG.23671",1.43121855885367
"MSTRG.13697",1.42898374125343
"MSTRG.24276",1.42693850424285
"MSTRG.1939",1.42595064130949
"MSTRG.12742",1.42594389903492
"MSTRG.2715",1.42547253829712
"MSTRG.5535",1.42512536723945
"MSTRG.10602",1.42253592553966
"MSTRG.5810",1.42007694442193
"MSTRG.8622",1.41828676507434
"MSTRG.7417",1.41541247268205
"MSTRG.21251",1.41180724686969
"MSTRG.198",1.41075628009968
"MSTRG.21527",1.40882351970936
"MSTRG.5438",1.40790567846745
"MSTRG.27800",1.40723035297875
"MSTRG.33160",1.40633719342116
"MSTRG.34601",1.40545360015373
"MSTRG.11387",1.40482695257514
"MSTRG.9538",1.40366302588105
"MSTRG.10235",1.40210152327655
"MSTRG.25424",1.40202044824472
"MSTRG.17496",1.40183346875965
"MSTRG.25624",1.40129782657753
"MSTRG.26943",1.40097549162604
"MSTRG.17226",1.40058951426227
"MSTRG.28874",1.395812205179
"MSTRG.19016",1.39527065842261
"MSTRG.13791",1.39427773072634
"MSTRG.4940",1.39338008776066
"MSTRG.19017",1.39256607277752
"MSTRG.16842",1.3915360769888
"MSTRG.25336",1.39033146575618
"MSTRG.10832",1.3891758712957
"MSTRG.24616",1.38846922140903
"MSTRG.8929",1.3884035544491
"MSTRG.18106",1.38792702382647
"MSTRG.11202",1.3860554657431
"MSTRG.38663",1.3857779050395
"MSTRG.12592",1.3847950668505
"MSTRG.39958",1.38383514073812
"MSTRG.19550",1.38360242824679
"MSTRG.28936",1.38075609004339
"MSTRG.14971",1.37952890371143
"MSTRG.21634",1.37909859688986
"MSTRG.3936",1.37853347170427
"MSTRG.12349",1.37843396132301
"MSTRG.15902",1.37792557054289
"MSTRG.26",1.37758474542159
"MSTRG.5763",1.37679139490006
"MSTRG.13195",1.37629818169864
"MSTRG.826",1.37573214642622
"MSTRG.27149",1.37546715001945
"MSTRG.16284",1.37518408390171
"MSTRG.14185",1.37242961553323
"MSTRG.22931",1.37220994637021
"MSTRG.33526",1.37169768446891
"MSTRG.8623",1.37088444976883
"MSTRG.19993",1.37033881341653
"MSTRG.8734",1.36963530741134
"MSTRG.20547",1.36933978469748
"MSTRG.39906",1.36890363969296
"MSTRG.101",1.36833597391263
"MSTRG.37769",1.36708933612912
"MSTRG.21351",1.36677995953764
"MSTRG.14638",1.36542861693868
"MSTRG.23001",1.36459617873197
"MSTRG.22709",1.36395466482742
"MSTRG.2712",1.36352076885467
"MSTRG.24523",1.36335758548482
"MSTRG.9606",1.36220112891632
"MSTRG.17673",1.36197721573357
"MSTRG.14189",1.35970623881942
"MSTRG.17386",1.35752809689038
"MSTRG.31501",1.35712695287289
"MSTRG.20172",1.35585421919378
"MSTRG.6256",1.35566782453699
"MSTRG.23911",1.35525507480891
"MSTRG.688",1.3537573439347
"MSTRG.26691",1.35358283947956
"MSTRG.9553",1.35022701868076
"MSTRG.29994",1.35017783171916
"MSTRG.12856",1.3470117764633
"MSTRG.20587",1.34573494718259
"MSTRG.10161",1.34480388093283
"MSTRG.31451",1.34229121331434
"MSTRG.11036",1.34197137463932
"MSTRG.39574",1.34147243931831
"MSTRG.132",1.34055065404656
"MSTRG.17125",1.33890357245287
"MSTRG.26599",1.33855107448323
"MSTRG.23026",1.33660014258547
"MSTRG.27554",1.33619842391686
"MSTRG.2305",1.33331905869606
"MSTRG.16204",1.33063755935534
"MSTRG.22938",1.32996325764113
"MSTRG.14362",1.32950917779355
"MSTRG.11334",1.32866314322216
"MSTRG.22333",1.32818955984154
"MSTRG.20461",1.32706959931947
"MSTRG.18507",1.32611743464679
"MSTRG.4176",1.32527273603097
"MSTRG.1761",1.32407699491729
"MSTRG.14433",1.32390869937492
"MSTRG.8607",1.32332904718011
"MSTRG.37164",1.32270482208716
"MSTRG.16584",1.32262414472569
"MSTRG.24596",1.32242001630013
"MSTRG.8657",1.32072275786876
"MSTRG.24644",1.31886067970651
"MSTRG.20150",1.31834901466845
"MSTRG.22741",1.31801572739116
"MSTRG.31712",1.31706932991188
"MSTRG.36688",1.31643663364654
"MSTRG.39717",1.31599895855401
"MSTRG.27504",1.31510045276201
"MSTRG.37153",1.31389900879624
"MSTRG.36729",1.31299530882345
"MSTRG.19119",1.31283719157403
"MSTRG.11627",1.31248838596143
"MSTRG.11411",1.31192959988884
"MSTRG.27809",1.31012761870336
"MSTRG.11636",1.30902200132655
"MSTRG.5146",1.30700741061943
"MSTRG.421",1.30698863606573
"MSTRG.16050",1.30685051105364
"MSTRG.14798",1.30567953574212
"MSTRG.14567",1.30554400889387
"MSTRG.22004",1.30553654120223
"MSTRG.4909",1.30518118223907
"MSTRG.28679",1.3049609095496
"MSTRG.32531",1.30144235993595
"MSTRG.37661",1.30092900287949
"MSTRG.18749",1.29983619922188
"MSTRG.11445",1.29947269787229
"MSTRG.13975",1.29928856921056
"MSTRG.2819",1.29908215231601
"MSTRG.37758",1.29894612243113
"MSTRG.30121",1.29764407540391
"MSTRG.40850",1.29701127210594
"MSTRG.4566",1.29618053428394
"MSTRG.23814",1.2959807746538
"MSTRG.19123",1.29464994735426
"MSTRG.29795",1.29439980736233
"MSTRG.33143",1.29278452392781
"MSTRG.38779",1.29164665559596
"MSTRG.17330",1.28927376552829
"MSTRG.13288",1.28862613394842
"MSTRG.38803",1.28679112401923
"MSTRG.17202",1.28561566141037
"MSTRG.36260",1.28550148292989
"MSTRG.7395",1.28547583251738
"MSTRG.35583",1.28464270974904
"MSTRG.37347",1.28182258283883
"MSTRG.21376",1.28109459591124
"MSTRG.18166",1.28100617702922
"MSTRG.33210",1.28094922084826
"MSTRG.11955",1.28084296001198
"MSTRG.29239",1.28028237871828
"MSTRG.30616",1.27915577610422
"MSTRG.1631",1.2791160035604
"MSTRG.39969",1.27897635268997
"MSTRG.12676",1.27896210150055
"MSTRG.33587",1.27860490379846
"MSTRG.28218",1.27509030033623
"MSTRG.27723",1.27424587223225
"MSTRG.13028",1.2742241724723
"MSTRG.5083",1.27286983639568
"MSTRG.22161",1.27269396790968
"MSTRG.25852",1.27234551387649
"MSTRG.19589",1.27170610298603
"MSTRG.2035",1.27095833694422
"MSTRG.24253",1.26959772290041
"MSTRG.37733",1.26904918089682
"MSTRG.19267",1.2690435924446
"MSTRG.10119",1.26863519939643
"MSTRG.3878",1.26782167883174
"MSTRG.11547",1.26705155991272
"MSTRG.4495",1.26585810004141
"MSTRG.1209",1.26476995643218
"MSTRG.28298",1.26335872185173
"MSTRG.23365",1.26046773921917
"MSTRG.15272",1.25990601373281
"MSTRG.7327",1.25875234075419
"MSTRG.5389",1.25872282203855
"MSTRG.12157",1.25575675168507
"MSTRG.21836",1.25569410734896
"MSTRG.26942",1.25536492367413
"MSTRG.9952",1.25527177039668
"MSTRG.40472",1.25261463636386
"MSTRG.14273",1.25248789478829
"MSTRG.322",1.25155671981357
"MSTRG.27249",1.25139054321184
"MSTRG.28570",1.25022624768584
"MSTRG.10807",1.24948114556348
"MSTRG.6028",1.24875017118957
"MSTRG.17021",1.24648479935295
"MSTRG.2140",1.24512675738485
"MSTRG.15310",1.2450305096464
"MSTRG.19927",1.24500790938411
"MSTRG.18130",1.24295999914439
"MSTRG.18289",1.2425026874762
"MSTRG.40972",1.24234825090222
"MSTRG.30660",1.24181960577484
"MSTRG.11748",1.24076733103306
"MSTRG.18827",1.23975888880655
"MSTRG.41598",1.23897399741946
"MSTRG.18592",1.23756211255607
"MSTRG.15635",1.2367326995964
"MSTRG.14497",1.23516920387231
"MSTRG.16965",1.23501684855679
"MSTRG.13048",1.23473511504803
"MSTRG.30076",1.23407336861622
"MSTRG.14597",1.23320975098132
"MSTRG.27277",1.23170854083799
"MSTRG.12372",1.23120817638298
"MSTRG.20631",1.2309908238395
"MSTRG.36720",1.23067316937031
"MSTRG.27314",1.22732145795852
"MSTRG.38240",1.22731223421827
"MSTRG.9156",1.22584435337396
"MSTRG.21405",1.22403737234818
"MSTRG.26395",1.22347435396626
"MSTRG.8967",1.22201790399801
"MSTRG.25292",1.22128618958679
"MSTRG.32526",1.21928235604538
"MSTRG.23027",1.21905586893107
"MSTRG.33252",1.21672126029118
"MSTRG.15441",1.21382374437939
"MSTRG.37004",1.21367026752588
"MSTRG.8105",1.21301366712172
"MSTRG.3160",1.21297715439333
"MSTRG.22039",1.21249139582766
"MSTRG.14119",1.21213221625875
"MSTRG.9253",1.21204643777262
"MSTRG.2143",1.21092937624819
"MSTRG.23424",1.21040732661218
"MSTRG.329",1.21000232532382
"MSTRG.37972",1.20994839324236
"MSTRG.26105",1.20922776807546
"MSTRG.37003",1.20867566414716
"MSTRG.4444",1.20659086159676
"MSTRG.18750",1.20473649047151
"MSTRG.22689",1.20450421785159
"MSTRG.9061",1.20431144664598
"MSTRG.32704",1.2042162484891
"MSTRG.2159",1.20372246636256
"MSTRG.18504",1.20199988626182
"MSTRG.41122",1.20181966096778
"MSTRG.32362",1.19937264050911
"MSTRG.2155",1.19917858096761
"MSTRG.34239",1.19889426637594
"MSTRG.41167",1.19883662929842
"MSTRG.11247",1.19803377869126
"MSTRG.19263",1.19797116064504
"MSTRG.11220",1.19783224110014
"MSTRG.11437",1.19693524741194
"MSTRG.23095",1.19650574495754
"MSTRG.41279",1.19627181043412
"MSTRG.13286",1.19610654857004
"MSTRG.20665",1.19574922780309
"MSTRG.34340",1.19500040790792
"MSTRG.21805",1.19470730738773
"MSTRG.27444",1.19408994804306
"MSTRG.19091",1.19352052857575
"MSTRG.7790",1.1929441811794
"MSTRG.6214",1.19278172320486
"MSTRG.22597",1.1925221379668
"MSTRG.6460",1.19037950078725
"MSTRG.29821",1.19006988457824
"MSTRG.8987",1.18989213607156
"MSTRG.26167",1.18987044596071
"MSTRG.10000",1.18968924000181
"MSTRG.18941",1.18803219775867
"MSTRG.32786",1.18765076276703
"MSTRG.20637",1.18719575604789
"MSTRG.8370",1.18715800378871
"MSTRG.11215",1.18651208888733
"MSTRG.23119",1.18478078311665
"MSTRG.36052",1.18412503609066
"MSTRG.8725",1.1827122279893
"MSTRG.17016",1.18201069938957
"MSTRG.29819",1.18195420838888
"MSTRG.16885",1.18173338756336
"MSTRG.18218",1.18021290704689
"MSTRG.15260",1.17956734583626
"MSTRG.974",1.17861634056303
"MSTRG.4606",1.17835187842576
"MSTRG.26700",1.17827785176595
"MSTRG.1775",1.17808665129461
"MSTRG.28718",1.17774360981771
"MSTRG.31611",1.17763658323602
"MSTRG.11622",1.17586071633678
"MSTRG.29240",1.17561641351013
"MSTRG.2952",1.1749203268836
"MSTRG.7871",1.17449099975804
"MSTRG.31458",1.17434541269445
"MSTRG.38842",1.17405773971608
"MSTRG.8851",1.17319298906199
"MSTRG.29763",1.17153804882514
"MSTRG.29010",1.17040040874402
"MSTRG.31423",1.1698660273531
"MSTRG.20604",1.16926280393722
"MSTRG.39429",1.16760624853178
"MSTRG.35786",1.16751407607397
"MSTRG.33189",1.16588736481364
"MSTRG.33453",1.16435903083287
"MSTRG.4936",1.16216762369596
"MSTRG.7961",1.16177763809182
"MSTRG.11072",1.16125621964176
"MSTRG.17585",1.16093401506375
"MSTRG.17598",1.15894941631752
"MSTRG.20310",1.15840790382593
"MSTRG.12868",1.15759062453661
"MSTRG.42647",1.15692599524611
"MSTRG.22713",1.15676043532846
"MSTRG.24535",1.15407869877483
"MSTRG.30866",1.15339893076543
"MSTRG.6953",1.15273727292492
"MSTRG.37552",1.15249234200595
"MSTRG.29569",1.15237524553447
"MSTRG.7962",1.15229368506484
"MSTRG.18036",1.15195477096373
"MSTRG.6416",1.1511950502434
"MSTRG.37438",1.15000830852559
"MSTRG.3760",1.14946684329796
"MSTRG.29333",1.14945887236187
"MSTRG.21194",1.14864159982831
"MSTRG.11749",1.14842695005991
"MSTRG.14278",1.14723210508886
"MSTRG.36924",1.1455838293854
"MSTRG.4102",1.14545674240283
"MSTRG.34333",1.14493279902817
"MSTRG.22050",1.14458810690796
"MSTRG.9081",1.14300363085925
"MSTRG.14654",1.14262121220569
"MSTRG.35212",1.14220636467958
"MSTRG.23847",1.14217534625492
"MSTRG.27324",1.14173972845651
"MSTRG.25847",1.14125868628926
"MSTRG.11336",1.14120691917071
"MSTRG.18798",1.14063500883927
"MSTRG.18363",1.14043368802717
"MSTRG.22544",1.14015655003314
"MSTRG.28580",1.13958639175813
"MSTRG.9658",1.13931857369335
"MSTRG.34304",1.13849907654564
"MSTRG.30725",1.13815179123262
"MSTRG.6961",1.13790052325927
"MSTRG.12636",1.13754198517724
"MSTRG.686",1.13619284396073
"MSTRG.4845",1.13580745336396
"MSTRG.24756",1.13492670664148
"MSTRG.11130",1.13398493500071
"MSTRG.8624",1.13368572010095
"MSTRG.19809",1.1335052239376
"MSTRG.1034",1.1329476592694
"MSTRG.34033",1.13277410210325
"MSTRG.31377",1.13219082079695
"MSTRG.32149",1.13182980519422
"MSTRG.9634",1.1317696150026
"MSTRG.8930",1.13126920654943
"MSTRG.2120",1.13017731341202
"MSTRG.23659",1.13015343622538
"MSTRG.15164",1.12960907805872
"MSTRG.7647",1.12940756370276
"MSTRG.25254",1.12925828437136
"MSTRG.15085",1.12741891912352
"MSTRG.24851",1.12600578070879
"MSTRG.23602",1.12570933916333
"MSTRG.38620",1.12566750204571
"MSTRG.24643",1.12505671322433
"MSTRG.14242",1.12501110527465
"MSTRG.1172",1.12401189568779
"MSTRG.6808",1.12302616956771
"MSTRG.33132",1.12224482511547
"MSTRG.22327",1.12058231720939
"MSTRG.10902",1.12008107291051
"MSTRG.40176",1.1193735223244
"MSTRG.19551",1.11872394887494
"MSTRG.36778",1.11865026707756
"MSTRG.19843",1.11831983967798
"MSTRG.17138",1.11758547901989
"MSTRG.26208",1.11726726438106
"MSTRG.20550",1.11699112548366
"MSTRG.25229",1.11692894084596
"MSTRG.22849",1.11610479694563
"MSTRG.42146",1.11568788317046
"MSTRG.143",1.11541316608926
"MSTRG.3083",1.11431525630535
"MSTRG.6018",1.11424707966927
"MSTRG.12137",1.11013421766567
"MSTRG.41234",1.10880764861633
"MSTRG.16991",1.10867907231046
"MSTRG.24557",1.1074233993128
"MSTRG.27246",1.10658229841503
"MSTRG.26609",1.10562654390335
"MSTRG.20155",1.10527238420298
"MSTRG.15162",1.10511296395935
"MSTRG.9236",1.10339404823159
"MSTRG.32332",1.10287137568223
"MSTRG.11519",1.10252676823519
"MSTRG.11499",1.10064159692128
"MSTRG.22929",1.1003853042189
"MSTRG.17351",1.1003228538353
"MSTRG.11180",1.09987795335917
"MSTRG.468",1.09959728070554
"MSTRG.10594",1.09798108869052
"MSTRG.30876",1.09725899303392
"MSTRG.11304",1.09645886688221
"MSTRG.12751",1.09578990954763
"MSTRG.14201",1.09575821209063
"MSTRG.4059",1.09526424821573
"MSTRG.33176",1.09472658433337
"MSTRG.20598",1.09375150257053
"MSTRG.14183",1.09354190613699
"MSTRG.26145",1.0930109524879
"MSTRG.16347",1.0926925238496
"MSTRG.15183",1.09143188727087
"MSTRG.24669",1.09107195510966
"MSTRG.11423",1.08952074544214
"MSTRG.22291",1.08922903641971
"MSTRG.13707",1.08891419839541
"MSTRG.7263",1.08821308256008
"MSTRG.5760",1.08799633928285
"MSTRG.11551",1.08654706718372
"MSTRG.22575",1.08605621395515
"MSTRG.19242",1.08591357416667
"MSTRG.5040",1.0857818827572
"MSTRG.475",1.08548678038529
"MSTRG.19141",1.08382043641127
"MSTRG.33648",1.08351582278218
"MSTRG.21718",1.08348860981224
"MSTRG.15523",1.08336488885628
"MSTRG.30329",1.08198408526781
"MSTRG.17589",1.0800876358244
"MSTRG.15837",1.08003587070044
"MSTRG.8103",1.07898786494447
"MSTRG.787",1.07895819921551
"MSTRG.21797",1.07879612806778
"MSTRG.15316",1.07859270973625
"MSTRG.4540",1.07858198204214
"MSTRG.26855",1.07804949673159
"MSTRG.38459",1.07754825957932
"MSTRG.13916",1.07736694927086
"MSTRG.15900",1.07534040516444
"MSTRG.16205",1.07509207197919
"MSTRG.29649",1.0743452186688
"MSTRG.25455",1.0740853217166
"MSTRG.23541",1.07383904474762
"MSTRG.7981",1.07315296768636
"MSTRG.23864",1.07311701664334
"MSTRG.14612",1.07296146512367
"MSTRG.32448",1.07214886457389
"MSTRG.388",1.07106360978342
"MSTRG.11217",1.07034003359158
"MSTRG.2247",1.07005535975341
"MSTRG.18947",1.0692191568996
"MSTRG.27797",1.06917226453706
"MSTRG.20402",1.0671554379261
"MSTRG.561",1.06663280364383
"MSTRG.33483",1.06635627851992
"MSTRG.5971",1.06616645772166
"MSTRG.353",1.06350973934938
"MSTRG.25632",1.06301401955141
"MSTRG.11218",1.06258362060973
"MSTRG.22242",1.06209655076815
"MSTRG.18480",1.06177311350795
"MSTRG.8616",1.06175530194359
"MSTRG.40786",1.06022157352834
"MSTRG.41841",1.0601610883573
"MSTRG.39916",1.05946028247453
"MSTRG.11197",1.05944780612724
"MSTRG.34125",1.05807466772331
"MSTRG.16944",1.05701190985492
"MSTRG.16927",1.05671812946401
"MSTRG.8011",1.05667947073304
"MSTRG.26503",1.05623297727763
"MSTRG.31502",1.05595425978764
"MSTRG.38956",1.05588701342759
"MSTRG.42088",1.05502733404471
"MSTRG.12045",1.05488915948356
"MSTRG.17719",1.05458813945633
"MSTRG.5881",1.05445573599424
"MSTRG.2798",1.05390807543026
"MSTRG.48",1.05270953985095
"MSTRG.705",1.05136030605199
"MSTRG.6294",1.05098712969877
"MSTRG.19696",1.05049509494237
"MSTRG.30015",1.05035595038224
"MSTRG.13976",1.05013355038564
"MSTRG.7808",1.05010555485429
"MSTRG.9182",1.04933292410642
"MSTRG.9023",1.04929847596594
"MSTRG.39191",1.04913080364152
"MSTRG.14414",1.04887576307468
"MSTRG.40412",1.048573076299
"MSTRG.3120",1.04825174018815
"MSTRG.17854",1.04817969309482
"MSTRG.36730",1.04743431184192
"MSTRG.19062",1.04675458777391
"MSTRG.6623",1.04662573293439
"MSTRG.12322",1.04624430931171
"MSTRG.38327",1.04543799564168
"MSTRG.2599",1.04443444671578
"MSTRG.15846",1.044248045757
"MSTRG.3670",1.04375544657373
"MSTRG.31577",1.04354077831771
"MSTRG.27023",1.04340809816292
"MSTRG.11835",1.04262996005764
"MSTRG.1141",1.0420538029392
"MSTRG.23499",1.04186516157656
"MSTRG.24362",1.04182740366813
"MSTRG.8788",1.0417434728328
"MSTRG.11052",1.04144464712718
"MSTRG.19233",1.04097160282272
"MSTRG.2401",1.04034756542853
"MSTRG.26096",1.04010999463333
"MSTRG.39495",1.03979251373255
"MSTRG.8590",1.03947122646141
"MSTRG.24543",1.03934601160676
"MSTRG.25670",1.03886889867959
"MSTRG.34859",1.03807733522783
"MSTRG.7786",1.03709015970838
"MSTRG.4561",1.03702907812009
"MSTRG.18104",1.03667882409803
"MSTRG.34088",1.03660884717589
"MSTRG.10898",1.03650851958956
"MSTRG.16752",1.03616099862058
"MSTRG.36848",1.03561396642791
"MSTRG.17137",1.03529424591413
"MSTRG.24121",1.03459168341601
"MSTRG.9574",1.03446304560294
"MSTRG.27850",1.03377670420603
"MSTRG.9210",1.03313800577228
"MSTRG.23343",1.03253782425952
"MSTRG.29236",1.03239183653089
"MSTRG.15217",1.03228024727421
"MSTRG.37705",1.03207247600623
"MSTRG.2651",1.03162357569708
"MSTRG.21108",1.03151586412451
"MSTRG.6930",1.03151443890623
"MSTRG.6555",1.03098111039631
"MSTRG.21240",1.03092612203514
"MSTRG.32810",1.03091926752591
"MSTRG.4977",1.03079546528822
"MSTRG.3940",1.03063773112562
"MSTRG.5545",1.02884099770428
"MSTRG.18970",1.02878876670902
"MSTRG.10908",1.02877348618356
"MSTRG.19317",1.02871958143288
"MSTRG.27925",1.02860346262181
"MSTRG.21863",1.02801309333183
"MSTRG.32764",1.02761701061199
"MSTRG.12441",1.02674976902448
"MSTRG.21185",1.02649254157273
"MSTRG.19279",1.02588574842675
"MSTRG.27477",1.02549998509448
"MSTRG.11842",1.02528222633772
"MSTRG.24099",1.02527327558319
"MSTRG.3954",1.02467757920194
"MSTRG.23848",1.02451535587573
"MSTRG.13210",1.02378232876757
"MSTRG.32597",1.02353054738397
"MSTRG.17114",1.02300693198388
"MSTRG.22598",1.02266241933248
"MSTRG.40642",1.02218936344765
"MSTRG.34319",1.0218847779339
"MSTRG.11594",1.02178864665568
"MSTRG.3333",1.02163623758088
"MSTRG.27527",1.02113158342538
"MSTRG.29322",1.02091832128623
"MSTRG.33602",1.02081138564053
"MSTRG.41154",1.019524429984
"MSTRG.7252",1.01890909902135
"MSTRG.16072",1.01833696476522
"MSTRG.4654",1.01818158696773
"MSTRG.39981",1.01780066474658
"MSTRG.31621",1.0171356008462
"MSTRG.15794",1.01709398253716
"MSTRG.1648",1.01707396823487
"MSTRG.8034",1.01511657370479
"MSTRG.29399",1.01483600348799
"MSTRG.27347",1.01481672518911
"MSTRG.12358",1.0144660466374
"MSTRG.7278",1.01409178356204
"MSTRG.575",1.01370116144915
"MSTRG.8170",1.01338332565448
"MSTRG.17405",1.01326890916404
"MSTRG.8627",1.01317542782264
"MSTRG.29746",1.01154297483644
"MSTRG.11491",1.01150027368873
"MSTRG.24019",1.01109566652354
"MSTRG.35037",1.01102942794067
"MSTRG.19340",1.00942782678485
"MSTRG.30409",1.00921068269675
"MSTRG.6717",1.00798812197967
"MSTRG.25857",1.00663446097784
"MSTRG.2664",1.0062580028504
"MSTRG.11823",1.00570637789006
"MSTRG.33739",1.00491783105197
"MSTRG.40196",1.00481241880433
"MSTRG.935",1.0025396450012
"MSTRG.2491",1.00183436293299
"MSTRG.7111",1.00179990007426
"MSTRG.27603",1.00139062808985
"MSTRG.1642",1.0010240666064
"MSTRG.19695",1.00073221039692
"MSTRG.29155",1.00070137335831
"MSTRG.40550",1.0004002585395
"MSTRG.10232",1.00024796009313
"MSTRG.21406",0.999922102458884
"MSTRG.6563",0.999904437992231
"MSTRG.17074",0.99975909680997
"MSTRG.11949",0.999466220792333
"MSTRG.12211",0.998632731311232
"MSTRG.19615",0.998398016979766
"MSTRG.9091",0.998015033736672
"MSTRG.30548",0.997508998911008
"MSTRG.16910",0.997179841802073
"MSTRG.22941",0.996963488958934
"MSTRG.2493",0.996816636728745
"MSTRG.36922",0.996345000058724
"MSTRG.11950",0.995882142883792
"MSTRG.20732",0.995529393331231
"MSTRG.16506",0.995477124112739
"MSTRG.25485",0.995428948922324
"MSTRG.4716",0.994614975016863
"MSTRG.36451",0.994439231610239
"MSTRG.25797",0.994378293041204
"MSTRG.14636",0.993499752772807
"MSTRG.13966",0.993070169186865
"MSTRG.26901",0.992862272405109
"MSTRG.3641",0.992093785941557
"MSTRG.4870",0.992077840158781
"MSTRG.22338",0.991350482200724
"MSTRG.4073",0.989323880418641
"MSTRG.39945",0.988636251805705
"MSTRG.13825",0.987201753422607
"MSTRG.35414",0.986396062318995
"MSTRG.33180",0.986383495190329
"MSTRG.20472",0.985815278721411
"MSTRG.1603",0.985086003577914
"MSTRG.13253",0.984471995320131
"MSTRG.40357",0.984168124504763
"MSTRG.21664",0.983208672216841
"MSTRG.27443",0.982196631889202
"MSTRG.6611",0.981678715849429
"MSTRG.32863",0.981611801756221
"MSTRG.282",0.981372231386205
"MSTRG.14256",0.98129606589742
"MSTRG.41003",0.981176380498663
"MSTRG.11283",0.981067868160211
"MSTRG.33211",0.979704744151819
"MSTRG.34704",0.979654875278505
"MSTRG.8033",0.979067571128305
"MSTRG.1081",0.978776219050546
"MSTRG.41528",0.978774986918812
"MSTRG.29868",0.976800422799829
"MSTRG.36507",0.976544467499134
"MSTRG.39412",0.976262047010238
"MSTRG.10805",0.976171772259646
"MSTRG.10375",0.976147421780394
"MSTRG.21068",0.975166712812613
"MSTRG.18562",0.975165487234829
"MSTRG.14865",0.97457340414895
"MSTRG.6494",0.973779418901642
"MSTRG.22939",0.973719513698026
"MSTRG.36373",0.973619247712461
"MSTRG.21653",0.971692166017078
"MSTRG.8540",0.971382767660346
"MSTRG.29329",0.970984664317997
"MSTRG.36303",0.970577812892414
"MSTRG.39707",0.970021141792483
"MSTRG.32180",0.969652747453475
"MSTRG.34240",0.969472415011518
"MSTRG.19722",0.968578405605695
"MSTRG.23243",0.968475844408398
"MSTRG.219",0.96810569788639
"MSTRG.42609",0.968066171414503
"MSTRG.9303",0.96711586796464
"MSTRG.4451",0.966522842682335
"MSTRG.8108",0.966370399452476
"MSTRG.20383",0.966009551083343
"MSTRG.25861",0.965643767155186
"MSTRG.28659",0.965324078469743
"MSTRG.41845",0.964854343359189
"MSTRG.3422",0.964291617532053
"MSTRG.14532",0.963538687132065
"MSTRG.18585",0.963486755992498
"MSTRG.8651",0.963118542758055
"MSTRG.26808",0.962389891144089
"MSTRG.20436",0.962135756413747
"MSTRG.11385",0.961543082860997
"MSTRG.35719",0.961347432747096
"MSTRG.41934",0.959936870313591
"MSTRG.38591",0.958116511654772
"MSTRG.15297",0.957591444949348
"MSTRG.22791",0.957322099782153
"MSTRG.9753",0.957315970938076
"MSTRG.12423",0.956556327210626
"MSTRG.6022",0.955888492919146
"MSTRG.6837",0.955822885033473
"MSTRG.32210",0.955261041240195
"MSTRG.6734",0.954910472137649
"MSTRG.16581",0.954327792408896
"MSTRG.17390",0.95408976503201
"MSTRG.13672",0.954030781056932
"MSTRG.19859",0.953335626076121
"MSTRG.10058",0.952864449783392
"MSTRG.18010",0.952783613936594
"MSTRG.14880",0.951749741482832
"MSTRG.17663",0.951653498931205
"MSTRG.31252",0.951477989401985
"MSTRG.31949",0.949987800926857
"MSTRG.39366",0.949766163531841
"MSTRG.38802",0.949733253599785
"MSTRG.7432",0.94948201500539
"MSTRG.34743",0.949294498002121
"MSTRG.6186",0.948205709082088
"MSTRG.34370",0.948067629395376
"MSTRG.31379",0.94792970295566
"MSTRG.36971",0.947333830207517
"MSTRG.14615",0.947186812727957
"MSTRG.572",0.946806270146336
"MSTRG.9356",0.946774567117008
"MSTRG.2666",0.946608252072974
"MSTRG.39198",0.945809533868153
"MSTRG.16675",0.945578599289823
"MSTRG.21719",0.945520597727416
"MSTRG.8970",0.944949077584142
"MSTRG.3784",0.944832455603911
"MSTRG.1470",0.944417889829499
"MSTRG.36553",0.943752012676943
"MSTRG.2714",0.943738973263997
"MSTRG.8301",0.943419001771565
"MSTRG.6046",0.943282413985508
"MSTRG.27393",0.943164129237516
"MSTRG.27072",0.943094221562309
"MSTRG.7035",0.943043391109127
"MSTRG.34946",0.942616507360445
"MSTRG.35265",0.942322623390884
"MSTRG.10021",0.942084657041365
"MSTRG.28450",0.942056231525349
"MSTRG.25752",0.941914479290234
"MSTRG.20028",0.941789913725185
"MSTRG.29930",0.941787050046992
"MSTRG.33930",0.94159130958991
"MSTRG.14107",0.940665092726158
"MSTRG.16762",0.940332334141171
"MSTRG.5185",0.940192496658422
"MSTRG.29398",0.940169346601376
"MSTRG.13746",0.940141649456636
"MSTRG.33815",0.940136061298233
"MSTRG.38957",0.93922703835777
"MSTRG.32337",0.938741733581182
"MSTRG.19077",0.938641886559046
"MSTRG.32683",0.936747666829088
"MSTRG.629",0.936498160500361
"MSTRG.5811",0.93629509576853
"MSTRG.21333",0.936108698459158
"MSTRG.23225",0.935910713816265
"MSTRG.10999",0.935649971386283
"MSTRG.5097",0.935450716072287
"MSTRG.21485",0.934192931073595
"MSTRG.31815",0.934161264168662
"MSTRG.27516",0.933996859485718
"MSTRG.3590",0.933966876432914
"MSTRG.16902",0.93373234740373
"MSTRG.32023",0.933377921843814
"MSTRG.12158",0.933345239947688
"MSTRG.10769",0.93315675429119
"MSTRG.28732",0.932590721884608
"MSTRG.17614",0.932276126428314
"MSTRG.11650",0.93183503801877
"MSTRG.25244",0.931648485211407
"MSTRG.2340",0.931578547551302
"MSTRG.29687",0.93150897500867
"MSTRG.32905",0.93143545248857
"MSTRG.2230",0.931341630524635
"MSTRG.18011",0.931213442727774
"MSTRG.7236",0.930475528580238
"MSTRG.18033",0.929532634257453
"MSTRG.28909",0.928570950882858
"MSTRG.12533",0.928364666933426
"MSTRG.17516",0.92786675926141
"MSTRG.20635",0.927795785340438
"MSTRG.35953",0.925381337627373
"MSTRG.35857",0.924941324352995
"MSTRG.15895",0.924484089012829
"MSTRG.33484",0.924359750829039
"MSTRG.21661",0.923807016683246
"MSTRG.15641",0.923655800791311
"MSTRG.27888",0.923234765690184
"MSTRG.14841",0.922599216932543
"MSTRG.30228",0.922475252780744
"MSTRG.25179",0.922200445458277
"MSTRG.23571",0.922136330877276
"MSTRG.22003",0.921842935895346
"MSTRG.13493",0.921573162927507
"MSTRG.21414",0.921032402352423
"MSTRG.17075",0.920663361899623
"MSTRG.19588",0.920273216742351
"MSTRG.36484",0.920209679982408
"MSTRG.40886",0.919807946803327
"MSTRG.7704",0.919465315214481
"MSTRG.28656",0.919304023824987
"MSTRG.25250",0.919218087125835
"MSTRG.665",0.919072911920829
"MSTRG.13946",0.918891314898794
"MSTRG.8117",0.918878325013559
"MSTRG.30920",0.918788389123628
"MSTRG.37499",0.918371608523296
"MSTRG.16056",0.918249252607687
"MSTRG.34874",0.917784693970463
"MSTRG.16489",0.9177387060366
"MSTRG.2421",0.916753218575997
"MSTRG.29588",0.916725471522934
"MSTRG.22555",0.916499751642375
"MSTRG.23444",0.916384111474004
"MSTRG.29869",0.91569306026898
"MSTRG.40949",0.915558626118826
"MSTRG.19590",0.915543904484664
"MSTRG.37248",0.915275662564877
"MSTRG.39173",0.915173198933653
"MSTRG.26523",0.914895856989268
"MSTRG.9799",0.914887803343969
"MSTRG.21520",0.914718184392984
"MSTRG.4165",0.914126486234397
"MSTRG.3629",0.91375383466991
"MSTRG.9967",0.912474920120406
"MSTRG.6952",0.912300347357241
"MSTRG.29605",0.912218489126861
"MSTRG.8069",0.911310753425297
"MSTRG.25735",0.910937184174246
"MSTRG.27384",0.910806922386217
"MSTRG.41397",0.910708896347874
"MSTRG.10383",0.910134026483641
"MSTRG.25762",0.909758400235547
"MSTRG.29966",0.909458142887992
"MSTRG.3481",0.909304056862818
"MSTRG.14569",0.909270035110712
"MSTRG.14009",0.90909469593379
"MSTRG.28660",0.908508178712235
"MSTRG.15629",0.908494484741777
"MSTRG.34983",0.90839422316339
"MSTRG.2954",0.908297608524108
"MSTRG.25165",0.908266745543113
"MSTRG.35558",0.907987686023271
"MSTRG.13698",0.907849646937468
"MSTRG.10738",0.907804005643779
"MSTRG.3426",0.907312057284222
"MSTRG.31104",0.907249416819532
"MSTRG.15489",0.907207004687124
"MSTRG.9118",0.907106596226086
"MSTRG.41319",0.906387057996787
"MSTRG.23218",0.905807093056605
"MSTRG.15893",0.905698631324575
"MSTRG.25651",0.90509894902877
"MSTRG.12418",0.904569841151012
"MSTRG.14394",0.904416648033505
"MSTRG.11469",0.903873144594176
"MSTRG.4919",0.903852122629743
"MSTRG.12202",0.903817238569807
"MSTRG.20634",0.903787990647957
"MSTRG.5854",0.903407623823674
"MSTRG.21773",0.903278826532739
"MSTRG.25535",0.90287573153214
"MSTRG.3845",0.902577017826558
"MSTRG.5633",0.902416999929821
"MSTRG.14900",0.901912849623592
"MSTRG.5768",0.901340575028194
"MSTRG.25231",0.901117118826922
"MSTRG.29427",0.901050899640528
"MSTRG.36211",0.900606602405553
"MSTRG.36775",0.900509240434494
"MSTRG.9719",0.900388710825831
"MSTRG.29332",0.900168582326054
"MSTRG.18994",0.899673786286374
"MSTRG.20927",0.89962226255882
"MSTRG.4902",0.899136755028674
"MSTRG.33713",0.898727561699151
"MSTRG.36286",0.898475822351595
"MSTRG.20552",0.897980211788705
"MSTRG.21555",0.897679135642134
"MSTRG.36153",0.897480827270404
"MSTRG.18025",0.897028313267376
"MSTRG.26221",0.896107417258877
"MSTRG.3281",0.89483113805532
"MSTRG.30249",0.894520510704358
"MSTRG.41423",0.89407248442067
"MSTRG.24324",0.89388753139734
"MSTRG.38328",0.893800135964622
"MSTRG.24299",0.893776634004804
"MSTRG.12740",0.893756975961656
"MSTRG.22294",0.893559307718052
"MSTRG.35102",0.89293692225041
"MSTRG.14534",0.892558751272174
"MSTRG.2504",0.892276161789489
"MSTRG.50",0.891843250983261
"MSTRG.3346",0.891655306682648
"MSTRG.5477",0.891379140238863
"MSTRG.13381",0.891295966902577
"MSTRG.15944",0.891128625395649
"MSTRG.10585",0.890492737191008
"MSTRG.22495",0.890289259275097
"MSTRG.30395",0.889627764542546
"MSTRG.1350",0.889501348304744
"MSTRG.13053",0.889086509164719
"MSTRG.15779",0.88759947257063
"MSTRG.17834",0.887546818033091
"MSTRG.15709",0.887437207485456
"MSTRG.22701",0.886996498997263
"MSTRG.21567",0.886560717899232
"MSTRG.27625",0.886558452904332
"MSTRG.2915",0.886370747614631
"MSTRG.15961",0.885710553640083
"MSTRG.6733",0.88567640005514
"MSTRG.7549",0.885190518880957
"MSTRG.42099",0.884746625376146
"MSTRG.42384",0.884702728108144
"MSTRG.20693",0.884068495727612
"MSTRG.24458",0.884057153135646
"MSTRG.34505",0.883920322100722
"MSTRG.7667",0.88334309963101
"MSTRG.24849",0.883063743670284
"MSTRG.14607",0.882756324049918
"MSTRG.16312",0.882388586791687
"MSTRG.24440",0.881940283228995
"MSTRG.20179",0.881720137628713
"MSTRG.19368",0.881665222169689
"MSTRG.6372",0.881228305688051
"MSTRG.12357",0.880707008848486
"MSTRG.5177",0.880509533309862
"MSTRG.25802",0.880256154707837
"MSTRG.20518",0.880184023808049
"MSTRG.25002",0.880132272809518
"MSTRG.18701",0.878796833365251
"MSTRG.2181",0.878370108205839
"MSTRG.5558",0.878358796719245
"MSTRG.28954",0.87790743154803
"MSTRG.1849",0.877690975254265
"MSTRG.15400",0.876877527117685
"MSTRG.16079",0.876766170328245
"MSTRG.10412",0.876089123445713
"MSTRG.18778",0.875428699965592
"MSTRG.10981",0.875396231151122
"MSTRG.21914",0.875152939542634
"MSTRG.38253",0.875118332937639
"MSTRG.20599",0.875017992916975
"MSTRG.24882",0.874893817474516
"MSTRG.9123",0.874699619950209
"MSTRG.33293",0.874449301517051
"MSTRG.19327",0.874387443309593
"MSTRG.1061",0.873405022054435
"MSTRG.6091",0.872750256962534
"MSTRG.9695",0.871783286281237
"MSTRG.21236",0.871702071142696
"MSTRG.30945",0.870250762359576
"MSTRG.35286",0.870128421074493
"MSTRG.34227",0.870046277495751
"MSTRG.17173",0.869583816276915
"MSTRG.14431",0.869403967611851
"MSTRG.30643",0.869368670504689
"MSTRG.40065",0.868019769736713
"MSTRG.39918",0.867692850637902
"MSTRG.22951",0.867555776943301
"MSTRG.15904",0.867443821343594
"MSTRG.23410",0.86673704471327
"MSTRG.26832",0.866682748072763
"MSTRG.40841",0.866405783849746
"MSTRG.4887",0.866180424925119
"MSTRG.26268",0.865453129700379
"MSTRG.4308",0.8650291448069
"MSTRG.19250",0.864986298646096
"MSTRG.16234",0.864862903624407
"MSTRG.20618",0.864797739028233
"MSTRG.28897",0.864743334795223
"MSTRG.4814",0.863821625866651
"MSTRG.13711",0.863379587295774
"MSTRG.38895",0.863201614390381
"MSTRG.32607",0.862994120586545
"MSTRG.9407",0.862977854105534
"MSTRG.12799",0.861625953082729
"MSTRG.40932",0.860936440218754
"MSTRG.13909",0.860500990258982
"MSTRG.3598",0.860254216413565
"MSTRG.26027",0.860198075470082
"MSTRG.33161",0.859633257449065
"MSTRG.36314",0.858634185097726
"MSTRG.23276",0.858444461649231
"MSTRG.34017",0.858376277036248
"MSTRG.28180",0.858304073407031
"MSTRG.25954",0.858199126300467
"MSTRG.24489",0.858138180779502
"MSTRG.22484",0.857893867738669
"MSTRG.23653",0.857431689041229
"MSTRG.37855",0.857077506901501
"MSTRG.13291",0.85691345199741
"MSTRG.22095",0.856737056358832
"MSTRG.7",0.85661449884374
"MSTRG.39951",0.856215020786068
"MSTRG.12677",0.855587002953332
"MSTRG.21269",0.855565833519664
"MSTRG.40021",0.855498707487981
"MSTRG.23620",0.855272846954432
"MSTRG.36534",0.855158833109885
"MSTRG.12230",0.85504364434629
"MSTRG.40621",0.854972142192901
"MSTRG.17707",0.854330031406472
"MSTRG.39113",0.854217478211324
"MSTRG.20673",0.854142342460085
"MSTRG.2816",0.853993497857865
"MSTRG.19786",0.853563298902247
"MSTRG.19764",0.853405164202902
"MSTRG.14008",0.853211320684565
"MSTRG.22212",0.85298029561598
"MSTRG.1783",0.852886158401637
"MSTRG.28965",0.852258104479513
"MSTRG.42116",0.852252844212568
"MSTRG.4651",0.852209578560836
"MSTRG.7021",0.851720742015089
"MSTRG.13588",0.851523136456134
"MSTRG.35023",0.851204480265645
"MSTRG.8452",0.850484963936324
"MSTRG.10641",0.850334601478041
"MSTRG.22852",0.850218452354317
"MSTRG.25839",0.849946348167586
"MSTRG.30814",0.849609624897484
"MSTRG.414",0.849400596546132
"MSTRG.14450",0.849397393506934
"MSTRG.19134",0.847774225302481
"MSTRG.27923",0.847565201669783
"MSTRG.9416",0.84734067754125
"MSTRG.33128",0.847221511123851
"MSTRG.3937",0.846724649804749
"MSTRG.20973",0.846592595042103
"MSTRG.28041",0.846189494471982
"MSTRG.28416",0.845963393738291
"MSTRG.8907",0.845843899505107
"MSTRG.35882",0.845463269703989
"MSTRG.31263",0.845377990331293
"MSTRG.3998",0.845135025781884
"MSTRG.4353",0.845056103542882
"MSTRG.38881",0.844514901654903
"MSTRG.2142",0.844257057084085
"MSTRG.1633",0.844241678609277
"MSTRG.27409",0.843845219203074
"MSTRG.16658",0.843642282210536
"MSTRG.32412",0.843245946866145
"MSTRG.15793",0.843241105927957
"MSTRG.38750",0.84318786062238
"MSTRG.7847",0.843013412481263
"MSTRG.3304",0.842419317367661
"MSTRG.33474",0.842246053937364
"MSTRG.22763",0.841431698221538
"MSTRG.16278",0.841322677278948
"MSTRG.28995",0.841092356430226
"MSTRG.3305",0.840998065920642
"MSTRG.34091",0.840278596969869
"MSTRG.10",0.840128009192156
"MSTRG.36362",0.840035484076394
"MSTRG.30880",0.839398117200847
"MSTRG.18243",0.838618802943891
"MSTRG.37091",0.83783214336898
"MSTRG.26851",0.837668420520019
"MSTRG.15184",0.837612720411458
"MSTRG.9481",0.83715381631658
"MSTRG.15553",0.83711232227628
"MSTRG.10875",0.836473085151122
"MSTRG.23497",0.836244100942945
"MSTRG.24630",0.835976800070691
"MSTRG.13317",0.835975218717074
"MSTRG.12181",0.835723862727953
"MSTRG.35292",0.835695530054607
"MSTRG.5202",0.835162774910953
"MSTRG.2937",0.834933807227789
"MSTRG.33525",0.834810508998537
"MSTRG.1650",0.834510415551771
"MSTRG.38952",0.83409028902357
"MSTRG.31020",0.833915118269516
"MSTRG.39839",0.833884174415235
"MSTRG.7436",0.833823374742545
"MSTRG.23112",0.833743803122345
"MSTRG.35355",0.833339225930603
"MSTRG.37182",0.833322006885882
"MSTRG.39970",0.832570780472955
"MSTRG.32364",0.832438932932913
"MSTRG.33188",0.832255103485412
"MSTRG.34796",0.832141249491992
"MSTRG.16886",0.831770925732476
"MSTRG.7209",0.831677656632579
"MSTRG.34506",0.83113276326229
"MSTRG.42229",0.830776349620081
"MSTRG.11994",0.830361725971724
"MSTRG.15449",0.829730216709089
"MSTRG.21940",0.828975456378609
"MSTRG.11518",0.82893073386431
"MSTRG.19093",0.82845240033052
"MSTRG.33829",0.827952294039922
"MSTRG.10586",0.827270608910654
"MSTRG.35687",0.827208355723048
"MSTRG.2872",0.827024890547273
"MSTRG.13709",0.82701175328121
"MSTRG.15680",0.826822615772007
"MSTRG.3308",0.826511618834744
"MSTRG.6113",0.826227962845139
"MSTRG.22927",0.8259355928521
"MSTRG.11024",0.825373963626356
"MSTRG.11645",0.825316785689314
"MSTRG.20816",0.824887161166696
"MSTRG.26853",0.824881360075088
"MSTRG.38360",0.8246767943975
"MSTRG.31903",0.824553537064782
"MSTRG.23566",0.824253906330431
"MSTRG.37251",0.823562708266139
"MSTRG.15165",0.823398177210242
"MSTRG.9131",0.822855378232498
"MSTRG.33824",0.822597975626491
"MSTRG.8446",0.822527159201373
"MSTRG.142",0.822494148688155
"MSTRG.7363",0.821230381062554
"MSTRG.10036",0.82059222154854
"MSTRG.25391",0.82050211285903
"MSTRG.32411",0.820320952055058
"MSTRG.6511",0.820071153614852
"MSTRG.10494",0.819770574119592
"MSTRG.14195",0.819630629765072
"MSTRG.13492",0.819594868849691
"MSTRG.21039",0.819518068183688
"MSTRG.31673",0.819368157807458
"MSTRG.29729",0.819029805688989
"MSTRG.6296",0.818584182827573
"MSTRG.26850",0.8178862334403
"MSTRG.6637",0.817485108609955
"MSTRG.3856",0.817411485176386
"MSTRG.36388",0.817296577096963
"MSTRG.42480",0.81666860808484
"MSTRG.15600",0.816205362766396
"MSTRG.39791",0.814798189508246
"MSTRG.34620",0.813943990791966
"MSTRG.26651",0.813466271353568
"MSTRG.18149",0.813127612893747
"MSTRG.16952",0.812910415030092
"MSTRG.32980",0.812902641473682
"MSTRG.13774",0.812663740983378
"MSTRG.7470",0.812462400622501
"MSTRG.14455",0.812457423618886
"MSTRG.16231",0.812109006586085
"MSTRG.26789",0.812019338497133
"MSTRG.5261",0.81201148812638
"MSTRG.5330",0.811817896403119
"MSTRG.5634",0.811795104303919
"MSTRG.16131",0.811376774271396
"MSTRG.14342",0.811202296233954
"MSTRG.4958",0.81115549981805
"MSTRG.3532",0.811129376499196
"MSTRG.31517",0.810812265778987
"MSTRG.9756",0.810784966924618
"MSTRG.15951",0.810595038746297
"MSTRG.622",0.810464591265553
"MSTRG.24210",0.81039794751257
"MSTRG.32067",0.810369126108421
"MSTRG.36580",0.81035562679426
"MSTRG.17510",0.810244609976659
"MSTRG.13",0.810160741621919
"MSTRG.39785",0.809449515253826
"MSTRG.36867",0.809149913161529
"MSTRG.23272",0.808840747757838
"MSTRG.18793",0.808759239057467
"MSTRG.13898",0.808388537609238
"MSTRG.37513",0.807970663974846
"MSTRG.13067",0.807801650567932
"MSTRG.31902",0.807750042490952
"MSTRG.33294",0.806674745905894
"MSTRG.4832",0.806421374013361
"MSTRG.30816",0.80595171720582
"MSTRG.15580",0.805839395667766
"MSTRG.25389",0.805733094203991
"MSTRG.10077",0.805707807314755
"MSTRG.27257",0.805584956115247
"MSTRG.26575",0.80513823868832
"MSTRG.11496",0.804591237117529
"MSTRG.10407",0.804453338123774
"MSTRG.1210",0.80444343139886
"MSTRG.307",0.804189612778667
"MSTRG.39635",0.804120370669192
"MSTRG.12389",0.803992315335189
"MSTRG.39746",0.803766792723465
"MSTRG.17192",0.803732661900215
"MSTRG.11004",0.803545756334067
"MSTRG.16946",0.803505346076762
"MSTRG.28229",0.803342503445163
"MSTRG.18621",0.803258011302078
"MSTRG.26900",0.803176847944289
"MSTRG.17460",0.803055850908796
"MSTRG.283",0.802897320639933
"MSTRG.27330",0.802724298373976
"MSTRG.3099",0.802571490447784
"MSTRG.31582",0.802475307605258
"MSTRG.4541",0.80210858331732
"MSTRG.22367",0.80132860070729
"MSTRG.19120",0.800619326789505
"MSTRG.35806",0.800271159256878
"MSTRG.17269",0.80012371933689
"MSTRG.26750",0.799925009883017
"MSTRG.13283",0.799723481975565
"MSTRG.13769",0.799451574617355
"MSTRG.24707",0.799294728017635
"MSTRG.13214",0.79879784206394
"MSTRG.30388",0.798571579812585
"MSTRG.22672",0.798419863805725
"MSTRG.13172",0.798139090583792
"MSTRG.11784",0.79777462746839
"MSTRG.13592",0.797763283474413
"MSTRG.39800",0.797697104913707
"MSTRG.34744",0.797113017836889
"MSTRG.23141",0.796793713010507
"MSTRG.42210",0.796777074834881
"MSTRG.29931",0.796773359336084
"MSTRG.28288",0.79660984707962
"MSTRG.37334",0.796300756714926
"MSTRG.31237",0.796033727965162
"MSTRG.23122",0.795657852064238
"MSTRG.29344",0.79536976501552
"MSTRG.33616",0.7948290395365
"MSTRG.30661",0.794703365637612
"MSTRG.14907",0.793654843437826
"MSTRG.7342",0.792493094053029
"MSTRG.9583",0.792464948155185
"MSTRG.20795",0.792315185499476
"MSTRG.34790",0.791720910009948
"MSTRG.32933",0.79108755851293
"MSTRG.28171",0.79091496102947
"MSTRG.25128",0.790748443265824
"MSTRG.15080",0.790722884541893
"MSTRG.42143",0.789941489110591
"MSTRG.15149",0.789533403171924
"MSTRG.19848",0.789510732004042
"MSTRG.21",0.789081766756885
"MSTRG.24166",0.788977090915752
"MSTRG.16388",0.788936783456047
"MSTRG.1080",0.788884041835178
"MSTRG.16537",0.788448005951863
"MSTRG.30898",0.788186377969208
"MSTRG.12378",0.788185777308914
"MSTRG.29543",0.788140799826036
"MSTRG.36540",0.787960689722327
"MSTRG.18748",0.787900493563811
"MSTRG.31596",0.787878192673633
"MSTRG.21877",0.786375286908096
"MSTRG.25109",0.786085862831901
"MSTRG.24002",0.785921158353082
"MSTRG.40019",0.785899852129705
"MSTRG.13947",0.7852466675403
"MSTRG.8810",0.785073813129133
"MSTRG.14315",0.784459620634345
